"COUNTRY","INDEX_TYPE","TIME_PERIOD","OBS_VALUE"
"Germany","Consumer price index (CPI)","1985-M01","55.38157"
"Germany","Consumer price index (CPI)","1985-M02","55.62909"
"Germany","Consumer price index (CPI)","1985-M03","55.81472"
"Germany","Consumer price index (CPI)","1985-M04","55.8766"
"Germany","Consumer price index (CPI)","1985-M05","55.8766"
"Germany","Consumer price index (CPI)","1985-M06","55.8766"
"Germany","Consumer price index (CPI)","1985-M07","55.8766"
"Germany","Consumer price index (CPI)","1985-M08","55.69096"
"Germany","Consumer price index (CPI)","1985-M09","55.75284"
"Germany","Consumer price index (CPI)","1985-M10","55.81472"
"Germany","Consumer price index (CPI)","1985-M11","55.8766"
"Germany","Consumer price index (CPI)","1985-M12","55.93848"
"Germany","Consumer price index (CPI)","1986-M01","56.12411"
"Germany","Consumer price index (CPI)","1986-M02","56.06224"
"Germany","Consumer price index (CPI)","1986-M03","55.8766"
"Germany","Consumer price index (CPI)","1986-M04","55.8766"
"Germany","Consumer price index (CPI)","1986-M05","55.8766"
"Germany","Consumer price index (CPI)","1986-M06","55.8766"
"Germany","Consumer price index (CPI)","1986-M07","55.69096"
"Germany","Consumer price index (CPI)","1986-M08","55.50533"
"Germany","Consumer price index (CPI)","1986-M09","55.56721"
"Germany","Consumer price index (CPI)","1986-M10","55.38157"
"Germany","Consumer price index (CPI)","1986-M11","55.31969"
"Germany","Consumer price index (CPI)","1986-M12","55.38157"
"Germany","Consumer price index (CPI)","1987-M01","55.69096"
"Germany","Consumer price index (CPI)","1987-M02","55.75284"
"Germany","Consumer price index (CPI)","1987-M03","55.75284"
"Germany","Consumer price index (CPI)","1987-M04","55.8766"
"Germany","Consumer price index (CPI)","1987-M05","55.8766"
"Germany","Consumer price index (CPI)","1987-M06","55.93848"
"Germany","Consumer price index (CPI)","1987-M07","55.93848"
"Germany","Consumer price index (CPI)","1987-M08","55.8766"
"Germany","Consumer price index (CPI)","1987-M09","55.81472"
"Germany","Consumer price index (CPI)","1987-M10","55.8766"
"Germany","Consumer price index (CPI)","1987-M11","55.8766"
"Germany","Consumer price index (CPI)","1987-M12","55.93848"
"Germany","Consumer price index (CPI)","1988-M01","56.18599"
"Germany","Consumer price index (CPI)","1988-M02","56.30975"
"Germany","Consumer price index (CPI)","1988-M03","56.30975"
"Germany","Consumer price index (CPI)","1988-M04","56.43351"
"Germany","Consumer price index (CPI)","1988-M05","56.55727"
"Germany","Consumer price index (CPI)","1988-M06","56.61914"
"Germany","Consumer price index (CPI)","1988-M07","56.61914"
"Germany","Consumer price index (CPI)","1988-M08","56.55727"
"Germany","Consumer price index (CPI)","1988-M09","56.61914"
"Germany","Consumer price index (CPI)","1988-M10","56.68103"
"Germany","Consumer price index (CPI)","1988-M11","56.86666"
"Germany","Consumer price index (CPI)","1988-M12","56.99042"
"Germany","Consumer price index (CPI)","1989-M01","57.48545"
"Germany","Consumer price index (CPI)","1989-M02","57.67109"
"Germany","Consumer price index (CPI)","1989-M03","57.73297"
"Germany","Consumer price index (CPI)","1989-M04","58.10424"
"Germany","Consumer price index (CPI)","1989-M05","58.16612"
"Germany","Consumer price index (CPI)","1989-M06","58.228"
"Germany","Consumer price index (CPI)","1989-M07","58.16612"
"Germany","Consumer price index (CPI)","1989-M08","58.16612"
"Germany","Consumer price index (CPI)","1989-M09","58.228"
"Germany","Consumer price index (CPI)","1989-M10","58.41363"
"Germany","Consumer price index (CPI)","1989-M11","58.53739"
"Germany","Consumer price index (CPI)","1989-M12","58.72303"
"Germany","Consumer price index (CPI)","1990-M01","59.03242"
"Germany","Consumer price index (CPI)","1990-M02","59.27994"
"Germany","Consumer price index (CPI)","1990-M03","59.27994"
"Germany","Consumer price index (CPI)","1990-M04","59.40369"
"Germany","Consumer price index (CPI)","1990-M05","59.52745"
"Germany","Consumer price index (CPI)","1990-M06","59.58933"
"Germany","Consumer price index (CPI)","1990-M07","59.58933"
"Germany","Consumer price index (CPI)","1990-M08","59.77497"
"Germany","Consumer price index (CPI)","1990-M09","59.96061"
"Germany","Consumer price index (CPI)","1990-M10","60.39376"
"Germany","Consumer price index (CPI)","1990-M11","60.27"
"Germany","Consumer price index (CPI)","1990-M12","60.33188"
"Germany","Consumer price index (CPI)","1991-M01","60.70315"
"Germany","Consumer price index (CPI)","1991-M02","60.96862"
"Germany","Consumer price index (CPI)","1991-M03","60.96862"
"Germany","Consumer price index (CPI)","1991-M04","61.23408"
"Germany","Consumer price index (CPI)","1991-M05","61.41106"
"Germany","Consumer price index (CPI)","1991-M06","61.76501"
"Germany","Consumer price index (CPI)","1991-M07","62.47292"
"Germany","Consumer price index (CPI)","1991-M08","62.47292"
"Germany","Consumer price index (CPI)","1991-M09","62.47292"
"Germany","Consumer price index (CPI)","1991-M10","63.4463"
"Germany","Consumer price index (CPI)","1991-M11","63.71176"
"Germany","Consumer price index (CPI)","1991-M12","63.80025"
"Germany","Consumer price index (CPI)","1992-M01","64.15421"
"Germany","Consumer price index (CPI)","1992-M02","64.50816"
"Germany","Consumer price index (CPI)","1992-M03","64.77362"
"Germany","Consumer price index (CPI)","1992-M04","65.03909"
"Germany","Consumer price index (CPI)","1992-M05","65.21606"
"Germany","Consumer price index (CPI)","1992-M06","65.39304"
"Germany","Consumer price index (CPI)","1992-M07","65.57002"
"Germany","Consumer price index (CPI)","1992-M08","65.57002"
"Germany","Consumer price index (CPI)","1992-M09","65.57002"
"Germany","Consumer price index (CPI)","1992-M10","65.57002"
"Germany","Consumer price index (CPI)","1992-M11","65.83549"
"Germany","Consumer price index (CPI)","1992-M12","65.92397"
"Germany","Consumer price index (CPI)","1993-M01","67.07433"
"Germany","Consumer price index (CPI)","1993-M02","67.60526"
"Germany","Consumer price index (CPI)","1993-M03","67.78223"
"Germany","Consumer price index (CPI)","1993-M04","67.95921"
"Germany","Consumer price index (CPI)","1993-M05","68.0477"
"Germany","Consumer price index (CPI)","1993-M06","68.22468"
"Germany","Consumer price index (CPI)","1993-M07","68.57863"
"Germany","Consumer price index (CPI)","1993-M08","68.57863"
"Germany","Consumer price index (CPI)","1993-M09","68.49014"
"Germany","Consumer price index (CPI)","1993-M10","68.49014"
"Germany","Consumer price index (CPI)","1993-M11","68.57863"
"Germany","Consumer price index (CPI)","1993-M12","68.75561"
"Germany","Consumer price index (CPI)","1994-M01","69.10957"
"Germany","Consumer price index (CPI)","1994-M02","69.6405"
"Germany","Consumer price index (CPI)","1994-M03","69.72898"
"Germany","Consumer price index (CPI)","1994-M04","69.81747"
"Germany","Consumer price index (CPI)","1994-M05","69.99445"
"Germany","Consumer price index (CPI)","1994-M06","70.08294"
"Germany","Consumer price index (CPI)","1994-M07","70.25991"
"Germany","Consumer price index (CPI)","1994-M08","70.43689"
"Germany","Consumer price index (CPI)","1994-M09","70.25991"
"Germany","Consumer price index (CPI)","1994-M10","70.17142"
"Germany","Consumer price index (CPI)","1994-M11","70.25991"
"Germany","Consumer price index (CPI)","1994-M12","70.43689"
"Germany","Consumer price index (CPI)","1995-M01","70.70235"
"Germany","Consumer price index (CPI)","1995-M02","71.05631"
"Germany","Consumer price index (CPI)","1995-M03","71.05631"
"Germany","Consumer price index (CPI)","1995-M04","71.1448"
"Germany","Consumer price index (CPI)","1995-M05","71.1448"
"Germany","Consumer price index (CPI)","1995-M06","71.23329"
"Germany","Consumer price index (CPI)","1995-M07","71.41026"
"Germany","Consumer price index (CPI)","1995-M08","71.41026"
"Germany","Consumer price index (CPI)","1995-M09","71.41026"
"Germany","Consumer price index (CPI)","1995-M10","71.23329"
"Germany","Consumer price index (CPI)","1995-M11","71.23329"
"Germany","Consumer price index (CPI)","1995-M12","71.49876"
"Germany","Consumer price index (CPI)","1996-M01","71.67573"
"Germany","Consumer price index (CPI)","1996-M02","72.11817"
"Germany","Consumer price index (CPI)","1996-M03","72.11817"
"Germany","Consumer price index (CPI)","1996-M04","72.11817"
"Germany","Consumer price index (CPI)","1996-M05","72.20667"
"Germany","Consumer price index (CPI)","1996-M06","72.29515"
"Germany","Consumer price index (CPI)","1996-M07","72.38364"
"Germany","Consumer price index (CPI)","1996-M08","72.38364"
"Germany","Consumer price index (CPI)","1996-M09","72.38364"
"Germany","Consumer price index (CPI)","1996-M10","72.38364"
"Germany","Consumer price index (CPI)","1996-M11","72.29515"
"Germany","Consumer price index (CPI)","1996-M12","72.56062"
"Germany","Consumer price index (CPI)","1997-M01","73.18004"
"Germany","Consumer price index (CPI)","1997-M02","73.26852"
"Germany","Consumer price index (CPI)","1997-M03","73.26852"
"Germany","Consumer price index (CPI)","1997-M04","73.18004"
"Germany","Consumer price index (CPI)","1997-M05","73.35702"
"Germany","Consumer price index (CPI)","1997-M06","73.4455"
"Germany","Consumer price index (CPI)","1997-M07","74.06493"
"Germany","Consumer price index (CPI)","1997-M08","74.15341"
"Germany","Consumer price index (CPI)","1997-M09","73.97643"
"Germany","Consumer price index (CPI)","1997-M10","73.88795"
"Germany","Consumer price index (CPI)","1997-M11","73.88795"
"Germany","Consumer price index (CPI)","1997-M12","74.06493"
