"COUNTRY","PRODUCTION_INDEX","TIME_PERIOD","OBS_VALUE"
"United Kingdom","Industrial Production","1985-M01","68.25295285973971"
"United Kingdom","Industrial Production","1985-M02","74.92987216123599"
"United Kingdom","Industrial Production","1985-M03","78.63927177317836"
"United Kingdom","Industrial Production","1985-M04","69.458507733621"
"United Kingdom","Industrial Production","1985-M05","69.08756777242673"
"United Kingdom","Industrial Production","1985-M06","73.16790734556334"
"United Kingdom","Industrial Production","1985-M07","65.19269817988726"
"United Kingdom","Industrial Production","1985-M08","63.52346835451317"
"United Kingdom","Industrial Production","1985-M09","73.7243172873547"
"United Kingdom","Industrial Production","1985-M10","74.37346221944462"
"United Kingdom","Industrial Production","1985-M11","77.99012684108843"
"United Kingdom","Industrial Production","1985-M12","67.69654291794834"
"United Kingdom","Industrial Production","1986-M01","72.33329243287631"
"United Kingdom","Industrial Production","1986-M02","72.79696738436911"
"United Kingdom","Industrial Production","1986-M03","77.6191868798942"
"United Kingdom","Industrial Production","1986-M04","73.07517235526481"
"United Kingdom","Industrial Production","1986-M05","69.82944769481524"
"United Kingdom","Industrial Production","1986-M06","70.10765266571092"
"United Kingdom","Industrial Production","1986-M07","68.62389282093394"
"United Kingdom","Industrial Production","1986-M08","63.52346835451316"
"United Kingdom","Industrial Production","1986-M09","74.92987216123596"
"United Kingdom","Industrial Production","1986-M10","80.40123658885096"
"United Kingdom","Industrial Production","1986-M11","77.3409819089985"
"United Kingdom","Industrial Production","1986-M12","74.55893220004172"
"United Kingdom","Industrial Production","1987-M01","72.98243736496624"
"United Kingdom","Industrial Production","1987-M02","75.30081212243023"
"United Kingdom","Industrial Production","1987-M03","83.27602128810633"
"United Kingdom","Industrial Production","1987-M04","73.53884730675759"
"United Kingdom","Industrial Production","1987-M05","71.49867752018931"
"United Kingdom","Industrial Production","1987-M06","74.83713717093745"
"United Kingdom","Industrial Production","1987-M07","72.2405574425778"
"United Kingdom","Industrial Production","1987-M08","67.14013297615705"
"United Kingdom","Industrial Production","1987-M09","77.43371689929714"
"United Kingdom","Industrial Production","1987-M10","82.53414136571791"
"United Kingdom","Industrial Production","1987-M11","81.97773142392656"
"United Kingdom","Industrial Production","1987-M12","78.26833181198418"
"United Kingdom","Industrial Production","1988-M01","76.22816202541586"
"United Kingdom","Industrial Production","1988-M02","80.03029662765679"
"United Kingdom","Industrial Production","1988-M03","88.84012070601995"
"United Kingdom","Industrial Production","1988-M04","75.48628210302738"
"United Kingdom","Industrial Production","1988-M05","77.34098190899857"
"United Kingdom","Industrial Production","1988-M06","79.01021173437263"
"United Kingdom","Industrial Production","1988-M07","73.07517235526484"
"United Kingdom","Industrial Production","1988-M08","73.53884730675763"
"United Kingdom","Industrial Production","1988-M09","82.9978163172107"
"United Kingdom","Industrial Production","1988-M10","84.1106362007934"
"United Kingdom","Industrial Production","1988-M11","88.28371076422858"
"United Kingdom","Industrial Production","1988-M12","79.19568171496973"
"United Kingdom","Industrial Production","1989-M01","80.49397157914956"
"United Kingdom","Industrial Production","1989-M02","81.05038152094092"
"United Kingdom","Industrial Production","1989-M03","88.74738571572136"
"United Kingdom","Industrial Production","1989-M04","80.03029662765678"
"United Kingdom","Industrial Production","1989-M05","80.6794415597467"
"United Kingdom","Industrial Production","1989-M06","80.49397157914956"
"United Kingdom","Industrial Production","1989-M07","74.65166719034034"
"United Kingdom","Industrial Production","1989-M08","75.57901709332593"
"United Kingdom","Industrial Production","1989-M09","81.79226144332942"
"United Kingdom","Industrial Production","1989-M10","86.33627596795883"
"United Kingdom","Industrial Production","1989-M11","88.74738571572138"
"United Kingdom","Industrial Production","1989-M12","79.47388668586543"
"United Kingdom","Industrial Production","1990-M01","81.88499643362798"
"United Kingdom","Industrial Production","1990-M02","80.49397157914962"
"United Kingdom","Industrial Production","1990-M03","91.15849546348396"
"United Kingdom","Industrial Production","1990-M04","79.19568171496981"
"United Kingdom","Industrial Production","1990-M05","82.16320140452371"
"United Kingdom","Industrial Production","1990-M06","81.32858649183669"
"United Kingdom","Industrial Production","1990-M07","76.04269204481881"
"United Kingdom","Industrial Production","1990-M08","75.11534214183319"
"United Kingdom","Industrial Production","1990-M09","79.10294672467126"
"United Kingdom","Industrial Production","1990-M10","87.26362587094449"
"United Kingdom","Industrial Production","1990-M11","86.70721592915315"
"United Kingdom","Industrial Production","1990-M12","77.80465686049147"
"United Kingdom","Industrial Production","1991-M01","81.05038152094105"
"United Kingdom","Industrial Production","1991-M02","79.75209165676121"
"United Kingdom","Industrial Production","1991-M03","84.5743111522863"
"United Kingdom","Industrial Production","1991-M04","77.89739185078999"
"United Kingdom","Industrial Production","1991-M05","78.17559682168567"
"United Kingdom","Industrial Production","1991-M06","75.67175208362453"
"United Kingdom","Industrial Production","1991-M07","75.30081212243031"
"United Kingdom","Industrial Production","1991-M08","70.20038765600953"
"United Kingdom","Industrial Production","1991-M09","77.34098190899861"
"United Kingdom","Industrial Production","1991-M10","84.66704614258482"
"United Kingdom","Industrial Production","1991-M11","83.18328629780783"
"United Kingdom","Industrial Production","1991-M12","77.89739185078993"
"United Kingdom","Industrial Production","1992-M01","78.54653678287985"
"United Kingdom","Industrial Production","1992-M02","79.28841670526831"
"United Kingdom","Industrial Production","1992-M03","87.07815589034731"
"United Kingdom","Industrial Production","1992-M04","77.9901268410885"
"United Kingdom","Industrial Production","1992-M05","74.00252225825041"
"United Kingdom","Industrial Production","1992-M06","78.45380179258126"
"United Kingdom","Industrial Production","1992-M07","75.76448707392302"
"United Kingdom","Industrial Production","1992-M08","69.55124272391956"
"United Kingdom","Industrial Production","1992-M09","80.21576660825389"
"United Kingdom","Industrial Production","1992-M10","84.7597811328833"
"United Kingdom","Industrial Production","1992-M11","83.64696124930062"
"United Kingdom","Industrial Production","1992-M12","80.49397157914962"
"United Kingdom","Industrial Production","1993-M01","76.5991019866101"
"United Kingdom","Industrial Production","1993-M02","79.566621676164"
"United Kingdom","Industrial Production","1993-M03","90.32388055079689"
"United Kingdom","Industrial Production","1993-M04","79.1029467246712"
"United Kingdom","Industrial Production","1993-M05","77.89739185078997"
"United Kingdom","Industrial Production","1993-M06","79.1956817149698"
"United Kingdom","Industrial Production","1993-M07","75.85722206422167"
"United Kingdom","Industrial Production","1993-M08","72.79696738436918"
"United Kingdom","Industrial Production","1993-M09","82.53414136571792"
"United Kingdom","Industrial Production","1993-M10","84.01790121049488"
"United Kingdom","Industrial Production","1993-M11","89.48926563810989"
"United Kingdom","Industrial Production","1993-M12","82.99781631721075"
"United Kingdom","Industrial Production","1994-M01","80.03029662765684"
"United Kingdom","Industrial Production","1994-M02","82.62687635601651"
"United Kingdom","Industrial Production","1994-M03","94.12601515303789"
"United Kingdom","Industrial Production","1994-M04","82.34867138512083"
"United Kingdom","Industrial Production","1994-M05","83.92516622019634"
"United Kingdom","Industrial Production","1994-M06","84.4815761619877"
"United Kingdom","Industrial Production","1994-M07","78.5465367828799"
"United Kingdom","Industrial Production","1994-M08","79.84482664705972"
"United Kingdom","Industrial Production","1994-M09","87.72730082243728"
"United Kingdom","Industrial Production","1994-M10","88.74738571572143"
"United Kingdom","Industrial Production","1994-M11","93.29140024035084"
"United Kingdom","Industrial Production","1994-M12","85.96533600676461"
"United Kingdom","Industrial Production","1995-M01","84.29610618139052"
"United Kingdom","Industrial Production","1995-M02","85.9927439117363"
"United Kingdom","Industrial Production","1995-M03","97.15483424295856"
"United Kingdom","Industrial Production","1995-M04","82.59946845104474"
"United Kingdom","Industrial Production","1995-M05","86.43922752498521"
"United Kingdom","Industrial Production","1995-M06","85.81415046643677"
"United Kingdom","Industrial Production","1995-M07","80.63494055274962"
"United Kingdom","Industrial Production","1995-M08","81.34931433394785"
"United Kingdom","Industrial Production","1995-M09","86.43922752498521"
"United Kingdom","Industrial Production","1995-M10","90.90406365747411"
"United Kingdom","Industrial Production","1995-M11","93.76155878226702"
"United Kingdom","Industrial Production","1995-M12","84.56399634933987"
"United Kingdom","Industrial Production","1996-M01","87.42149147413276"
"United Kingdom","Industrial Production","1996-M02","90.18968987627589"
"United Kingdom","Industrial Production","1996-M03","95.27960306731324"
"United Kingdom","Industrial Production","1996-M04","85.724853743787"
"United Kingdom","Industrial Production","1996-M05","87.42149147413278"
"United Kingdom","Industrial Production","1996-M06","83.13524878694341"
"United Kingdom","Industrial Production","1996-M07","84.3854029040403"
"United Kingdom","Industrial Production","1996-M08","79.83127004890161"
"United Kingdom","Industrial Production","1996-M09","86.88571113823408"
"United Kingdom","Industrial Production","1996-M10","94.38663584081544"
"United Kingdom","Industrial Production","1996-M11","92.8685915557692"
"United Kingdom","Industrial Production","1996-M12","86.61782097028476"
"United Kingdom","Industrial Production","1997-M01","89.65390954037722"
"United Kingdom","Industrial Production","1997-M02","88.00585973264967"
"United Kingdom","Industrial Production","1997-M03","92.40065921992316"
"United Kingdom","Industrial Production","1997-M04","91.41182933528659"
"United Kingdom","Industrial Production","1997-M05","88.33546969419516"
"United Kingdom","Industrial Production","1997-M06","89.87364951474087"
"United Kingdom","Industrial Production","1997-M07","91.96117927119574"
"United Kingdom","Industrial Production","1997-M08","82.40249038637617"
"United Kingdom","Industrial Production","1997-M09","94.15857901483243"
"United Kingdom","Industrial Production","1997-M10","100.6409082585607"
"United Kingdom","Industrial Production","1997-M11","95.9164988097418"
"United Kingdom","Industrial Production","1997-M12","94.48818897637802"
